商品标题,价格,想要数,商品链接
大学生PPT 制作那么便宜，你们为什么不找大学生!!!,40,539人想要,https://www.goofish.com/item?id=860516700425&categoryId=50023914
PPT代制作，美化，修改，排版,48,71人想要,https://www.goofish.com/item?id=859214716017&categoryId=50023914
大学生PPT 制作那么便宜，你们为什么不找大学生!!!,5,323人想要,https://www.goofish.com/item?id=861368540334&categoryId=50023914
PPT代制作、PPT制作，代做，美化，修改，排版24h可接单,5,14人想要,https://www.goofish.com/item?id=860857852680&categoryId=50023914
PPT代制作、美化，排版24h可接单 ！！！,5,3人想要,https://www.goofish.com/item?id=861215612965&categoryId=50023914
PPT代制作、PPT制作，代做，美化，修改，排版24h可接单,5,7人想要,https://www.goofish.com/item?id=866091537007&categoryId=50023914
PPT美化，PPT制作 PPT排版 PPT动画 服务1000,5,4人想要,https://www.goofish.com/item?id=861102813920&categoryId=50023914
PPT制作！美化！修改，排版，24h可接急单的！,5,4人想要,https://www.goofish.com/item?id=862404502664&categoryId=50023914
精美PPT代制作、PPT制作，代做ppt，美化，修改，排版,5,2人想要,https://www.goofish.com/item?id=862244743851&categoryId=50023914
